P01	welcome	Welcome	onboarding	/welcome	parent	fresh	maya
P02	value-tour	Value tour	onboarding	/value-tour	parent	fresh	maya
P03	create-account	Create account	auth	/create-account	parent	fresh	maya
P04	privacy	Privacy & consent	privacy_consent	/privacy	parent	fresh	maya
P05	add-children	Add children	family	/add-children	parent	onboarding_kids	maya
P06	pocket-money	Pocket money setup	pocket_money	/pocket-money-setup	parent	onboarding_kids	maya
P07	paywall	Paywall	paywall	/paywall	parent	fresh	maya
P08	today	Today (home)	today	/today	parent	demo	maya
P08b	today-empty	Today empty	today	/today-empty	parent	new_family	maya
P09	quest-editor	New / edit quest	quests	/quest-editor	parent	demo	maya
P10	quest-library	Quest library	quests	/quests	parent	demo	maya
P11	approvals	Approvals	approvals	/approvals	parent	demo	maya
P12	money	Money (ledger)	pocket_money	/money	parent	demo	maya
P13	payout	Payout (parent)	pocket_money	/payout	parent	demo	maya
P14	rewards	Rewards manager	rewards	/rewards	parent	demo	maya
P15	child-profile	Child profile	family	/child-profile	parent	demo	maya
P16	settings	Family & settings	settings	/settings	parent	demo	maya
P17	parental-gate	Parental gate	parental_gate	/parental-gate	kid	demo	maya
K01	profile-picker	Who's playing?	kid_home	/who-is-playing	kid	demo	maya
K02	pin	Kid PIN	kid_home	/kid-pin	kid	demo	maya
K03	kid-home	Kid home	kid_home	/kid-home	kid	demo	maya
K03b	kid-home-done	Kid home all done	kid_home	/kid-home-done	kid	demo	maya
K04	quest-detail	Quest detail	kid_home	/quest-detail	kid	demo	maya
K05	quest-complete	Quest complete	kid_home	/quest-complete	kid	demo	maya
K06	pip	Pip's nest	pip	/pip	kid	demo	maya
K07	evolution	Pip evolves	pip	/pip-evolution	kid	demo	maya
K08	shop	Reward shop	kid_shop	/reward-shop	kid	demo	maya
K09	jar	My jar	kid_jar	/my-jar	kid	demo	maya
K10	payout-day	Payout day	kid_jar	/payout-day	kid	demo	maya
K11	badges	Badges	badges	/badges	kid	demo	maya
